Var,Adj Close
Open,0.9989761599227083
High,0.99953527007324
Low,0.9995317192793037
SF_Price,0.9474195239378791
SF_Open,0.9455574170267399
SF_High,0.9452027911909577
SF_Low,0.9478417517045429
GDX_Open,0.9748240715618189
GDX_High,0.9752553097349848
GDX_Low,0.9755607289191626
GDX_Close,0.9754585551754226
GDX_Adj Close,0.9749798540904545
